Pair_ID,Variable_X,Variable_Y,Ground_Truth,Predicted_Direction,Correctness,Reason
0001,altitude,temperature (average over 1961-1990),X -> Y,X -> Y,True,"The altitude of a location is likely to influence the temperature due to changes in atmospheric pressure and air density with elevation, which in turn affects heat retention and transfer. This physical relationship aligns with general principles of meteorology and geography."
0002,altitude,precipitation (yearly value averaged over 1961-1990),X -> Y,X -> Y,True,"The altitude of a location is likely to influence the amount of precipitation it receives due to its effect on atmospheric conditions and weather patterns. As altitude increases, the air cools, leading to increased moisture condensation and subsequent precipitation."
0003,longitude,temperature (averaged over 1961-1990),X -> Y,Y -> X,False,"The temperature of an area is determined by its geographical location, and longitude is a key component of that location. Therefore, it is more plausible to assume that the temperature (Y) causes or is influenced by the longitude (X), rather than the other way around."
0004,altitude,sunshine (yearly value averaged over 1961-1990),X -> Y,X -> Y,True,"The altitude of a location is likely to influence the amount of sunshine it receives, as higher altitudes often result in more scattered sunlight and potentially less direct exposure. This relationship is consistent with physical laws governing atmospheric scattering and solar radiation."
0005,Rings,Length,X -> Y,X -> Y,True,"In the context of abalone data, it is reasonable to assume that the number of rings (X) on an abalone shell is a proxy for its age, and as the abalone grows older, its length (Y) increases. This causal direction aligns with our understanding of biological growth processes."
0006,Rings,Shell weight,X -> Y,X -> Y,True,"In the context of abalone growth, it is reasonable to assume that the number of rings (X) on an abalone shell would be a cause for its increased weight (Y), as each ring represents one year of growth and would contribute to the overall weight of the shell."
0007,Rings,Diameter,X -> Y,X -> Y,True,"In the context of abalone data, it is reasonable to assume that the number of rings (X) on an abalone shell would cause its diameter (Y) to increase as the animal grows and adds more rings. This relationship aligns with our understanding of biological growth patterns."
0008,Rings,Height,X -> Y,X -> Y,True,"In the context of abalone data, it is reasonable to assume that the number of rings (X) on an abalone shell is a measure of its age, and as the abalone grows older, its height (Y) increases. This causal direction aligns with our understanding of biological growth processes."
0009,Rings,Whole weight,X -> Y,X -> Y,True,"The number of rings on an abalone shell is a measure of its age, and as the abalone grows older, it tends to increase in whole weight due to the accumulation of calcium carbonate. Therefore, it is more plausible that the causal direction is from the number of rings (X) to the whole weight (Y)."
0010,Rings,Shucked weight,X -> Y,X -> Y,True,"The number of rings on an abalone shell is likely to increase as the animal grows and matures, which would then lead to an increase in its shucked weight due to the accumulation of flesh. This causal direction aligns with our understanding of biological growth processes."
